Radu Vrinceanu s-a autentificat cu succes!,2023-05-23T13:14:03.6114333
Radu Vrinceanu s-a autentificat cu succes!,2023-05-24T19:48:12.233089
Radu Vrinceanu s-a autentificat cu succes!,2023-05-24T19:59:59.8365705
Radu Vrinceanu s-a autentificat cu succes!,2023-05-24T20:17:16.7753655
Radu Vrinceanu s-a autentificat cu succes!,2023-05-24T20:20:08.3071075
Radu Vrinceanu s-a autentificat cu succes!,2023-05-24T20:21:11.6232087
Radu Vrinceanu s-a autentificat cu succes!,2023-05-24T23:25:23.550801
Radu Vrinceanu s-a autentificat cu succes!,2023-05-24T23:25:51.281744
Radu Vrinceanu s-a autentificat cu succes!,2023-05-24T23:26:30.520047
Radu Vrinceanu s-a autentificat cu succes!,2023-05-24T23:28:15.022322
Radu Vrinceanu s-a autentificat cu succes!,2023-05-24T23:28:26.800822
Radu Vrinceanu s-a autentificat cu succes!,2023-05-24T23:28:39.236482
Radu Vrinceanu s-a autentificat cu succes!,2023-05-24T23:29:01.641977
Radu Vrinceanu s-a autentificat cu succes!,2023-05-24T23:29:18.098935
Radu Vrinceanu s-a autentificat cu succes!,2023-05-24T23:30:20.04632
